{
    "cnt": 1,
    "list": [
        {
            "coord": {
                "lon": 2.35,
                "lat": 48.85
            },
            "sys": {
                "country": "FR",
                "timezone": 3600,
                "sunrise": 1577432606,
                "sunset": 1577462356
            },
            "weather": [
                {
                    "id": 804,
                    "main": "Clouds",
                    "description": "overcast clouds",
                    "icon": "04n"
                }
            ],
            "main": {
                "temp": 8.56,
                "feels_like": 6.28,
                "temp_min": 7.78,
                "temp_max": 9.44,
                "pressure": 1031,
                "humidity": 87
            },
            "visibility": 10000,
            "wind": {
                "speed": 2.1,
                "deg": 340
            },
            "clouds": {
                "all": 90
            },
            "dt": 1577466556,
            "id": 2988507,
            "name": "Paris"
        }
    ]
}
